,index,value
0,Annualised return,0.06689566956603873
1,Annualised volatility,0.18428198926437103
2,Sharpe ratio,0.36311518098524087
3,Sortino ratio,0.5275491754366715
4,Adjusted sortino,0.373033599360642
5,Skew,0.06154274799441262
6,Kurtosis,19.631227085727808
7,Max drawdown,-0.44356267843625985
8,GPR,0.08366309512341494
9,Calmar ratio,0.1153076760259074
10,Pay-off ratio,1.0859823312820527
