,index,value
0,Annualised return,0.19771298110713917
1,Annualised volatility,0.17206475755190756
2,Sharpe ratio,1.142147912311232
3,Sortino ratio,1.558961204112605
4,Adjusted sortino,1.1023520390347685
5,Skew,-0.6949175951931275
6,Kurtosis,3.188878793911436
7,Max drawdown,-0.1141447712691237
8,GPR,0.22086360630384017
9,Calmar ratio,1.7657003715979507
10,Pay-off ratio,0.8337605116221346
