,index,value
0,Annualised return,0.06135420892729536
1,Annualised volatility,0.3743311436833971
2,Sharpe ratio,0.16398818387635283
3,Sortino ratio,0.22800169269501086
4,Adjusted sortino,0.16122154302665348
5,Skew,0.06434437522145331
6,Kurtosis,22.54494338928896
7,Max drawdown,-0.7047778481873385
8,GPR,0.032844776937926506
9,Calmar ratio,-0.01279582702593568
10,Pay-off ratio,0.9419739088962551
