,index,value
0,Annualised return,0.06899858962636556
1,Annualised volatility,0.07416423791121576
2,Sharpe ratio,0.9306255418631021
3,Sortino ratio,1.4252011868218086
4,Adjusted sortino,1.0077694237568164
5,Skew,0.6111489643427271
6,Kurtosis,12.457406771672701
7,Max drawdown,-0.11945771579272269
8,GPR,0.1947844089206282
9,Calmar ratio,0.5730843186447766
10,Pay-off ratio,1.0694954663438452
