,index,value
0,Annualised return,0.025383020080784698
1,Annualised volatility,0.0524684968973544
2,Sharpe ratio,0.48392043657976824
3,Sortino ratio,0.6854298078344175
4,Adjusted sortino,0.48467206514710875
5,Skew,-0.31316652658328464
6,Kurtosis,24.86787005377479
7,Max drawdown,-0.12445460543351639
8,GPR,0.11438259034704863
9,Calmar ratio,0.1951290299043654
10,Pay-off ratio,0.9258800626266522
