,index,value
0,Annualised return,0.09236013661929508
1,Annualised volatility,0.14870069515137643
2,Sharpe ratio,0.6213116298693444
3,Sortino ratio,0.8620387416949964
4,Adjusted sortino,0.6095534398980506
5,Skew,-1.2181581375722106
6,Kurtosis,21.61293010970977
7,Max drawdown,-0.4949737994073924
8,GPR,0.12327081892404153
9,Calmar ratio,0.1708240436615244
10,Pay-off ratio,0.9926439337651365
